name,email,phone
Man Graham,lemuel.jacobs@hotmail.com,(305) 227-0167
Cammie Smitham DDS,andres.volkman@hotmail.com,(305) 975-6362
Jake Kuphal,kina.hodkiewicz@hotmail.com,(505) 640-1906
Ada Schamberger,dagny.moen@hotmail.com,(505) 643-5552
Mr. Colton Gusikowski,alphonse.hartmann@gmail.com,(505) 661-5773
Maxie Bayer,todd.hoppe@gmail.com,(754) 801-5994
Leandro Schumm PhD,waldo.kshlerin@gmail.com,(623) 497-2659
Harold Stiedemann,latarsha.ziemann@hotmail.com,(505) 640-9586
Gregorio Morissette IV,ramon.nader@hotmail.com,(505) 506-4151
Mr. Tobias Rath,jenee.carter@hotmail.com,(305) 887-3785
Chelsie MacGyver,christiane.boyer@yahoo.com,(305) 235-3727
Mrs. Dwain Koch,jan.altenwerth@gmail.com,(305) 543-1583
Miss Jayson Vandervort,byron.wisoky@gmail.com,(274) 246-0336
Lyn Gorczany,reyes.leuschke@yahoo.com,(934) 501-8007
Britt Ritchie,juan.deckow@gmail.com,(505) 674-5664
Rikki Koch,alexa.steuber@yahoo.com,(505) 640-1519
Donella Hudson,micki.howell@yahoo.com,(505) 911-0189
Santos Schuster PhD,lavelle.schamberger@hotmail.com,(423) 352-4098
Mrs. Katharine Rath,winfred.friesen@yahoo.com,(505) 658-6455
Madison Roob II,edie.erdman@yahoo.com,(240) 474-9384
Salvatore Marvin,bobbi.berge@gmail.com,(472) 270-5867
Madaline Batz,deangelo.homenick@hotmail.com,(505) 640-2315
Mauricio Farrell,lyndsay.ohara@hotmail.com,(305) 272-1665
Jerrold Rau,oliver.pacocha@yahoo.com,(505) 641-8344
Jeri Reilly,ed.vonrueden@gmail.com,(305) 205-9025
Terence Dicki V,norberto.funk@hotmail.com,(305) 593-3587
Dr. Gudrun White,roslyn.rohan@yahoo.com,(505) 641-7099
Donny Gusikowski MD,dodie.leannon@gmail.com,(305) 201-0951
Patricia Terry,dreama.metz@hotmail.com,(472) 964-5400
Miss Daniel,oswaldo.rath@gmail.com,(305) 966-9541
May Weissnat,merrill.collier@yahoo.com,(901) 973-9285
Romeo Okuneva IV,lacie.casper@hotmail.com,(350) 336-0484
Wesley Goldner DVM,woodrow.nikolaus@yahoo.com,(305) 285-6471
Mrs. Myrtis Schmeler,erin.luettgen@gmail.com,(305) 203-2756
Korey Homenick,benito.price@yahoo.com,(505) 741-6832
Mrs. Marlon Bosco,sol.mueller@gmail.com,(505) 643-2002
Mohammad Daniel,dominic.wunsch@yahoo.com,(505) 842-8977
Rod Powlowski,yong.simonis@yahoo.com,(472) 471-9592
Eugene Hirthe,esteban.watsica@gmail.com,(472) 272-9033
Wilber Blick DDS,marlin.boyle@gmail.com,(608) 786-6027
Kimberli Schuster,luna.cartwright@hotmail.com,(305) 601-5542
Gaston Bergnaum,randal.kuphal@gmail.com,(505) 709-9135
Glady Ullrich,reinaldo.kihn@hotmail.com,(541) 835-6939
Minh Swift,johnathan.hills@gmail.com,(747) 502-3241
Terina Lemke,latoyia.marks@yahoo.com,(305) 255-9458
Isidra Bednar,rhett.luettgen@yahoo.com,(305) 202-6040
Cara Fisher,granville.prosacco@hotmail.com,(316) 724-0023
Geoffrey Cole,emmitt.gerlach@hotmail.com,(305) 261-4794
Eliseo Stroman,savannah.miller@yahoo.com,(505) 852-6207
Josiah Zulauf PhD,maryann.heathcote@gmail.com,(913) 450-7612
Mary Gleichner,almeda.botsford@yahoo.com,(472) 268-2180
Dr. Detra O'Hara,caterina.weissnat@hotmail.com,(414) 552-9764
Shaun Mosciski,armando.dooley@gmail.com,(651) 463-6378
Mr. Myles DuBuque,raymond.miller@yahoo.com,(305) 515-1066
Josef Schuppe,azalee.feil@gmail.com,(305) 656-2258
Mrs. Jesica Hamill,damian.kassulke@gmail.com,(305) 571-8576
Mr. Teisha Watsica,concha.steuber@gmail.com,(350) 761-3204
Bernie Christiansen,antone.toy@yahoo.com,(472) 708-0502
Mirella Brakus,ezequiel.kling@hotmail.com,(305) 609-5420
Steven Cronin,isaias.hane@yahoo.com,(305) 208-7406
Dr. Luis Wehner,zana.roob@gmail.com,(505) 571-3059
Terence Schuster,anjelica.murphy@hotmail.com,(505) 667-9749
Clemente Hoeger,spencer.stracke@gmail.com,(305) 206-9485
Ligia Mitchell,burt.sauer@yahoo.com,(305) 203-6600
Larry Schultz,joshua.skiles@gmail.com,(463) 583-9666
Warner Schoen,fernando.adams@gmail.com,(274) 253-5765
Joette Reichel II,gregg.mitchell@yahoo.com,(505) 928-3738
Miss Juliana Roberts,curt.mills@hotmail.com,(505) 601-6462
Jamar Kreiger,shawnda.mills@hotmail.com,(505) 621-9298
Julieann Ullrich,lindy.predovic@yahoo.com,(305) 217-1841
Matthew Koss,kristofer.dickinson@hotmail.com,(305) 264-2858
Luther Turner,tod.parisian@gmail.com,(662) 799-0586
Tomas Senger,sharice.wiza@hotmail.com,(305) 288-6337
Tabatha Schaefer,roosevelt.batz@yahoo.com,(305) 469-2356
Kendrick Hahn,hollis.brown@hotmail.com,(305) 248-7409
Shanna Farrell,gaston.oreilly@yahoo.com,(339) 848-2786
Mrs. Curtis Schmeler,iliana.schultz@gmail.com,(274) 221-6455
Rolland Lubowitz,kris.murray@hotmail.com,(305) 201-0399
Dee Ankunding,delinda.prosacco@gmail.com,(505) 651-4641
Christy Erdman,timothy.waelchi@yahoo.com,(640) 253-6561
Shad Deckow Jr.,kimber.padberg@hotmail.com,(910) 276-6627
Adolph Dare,santos.haag@gmail.com,(505) 640-7900
Micheal Padberg,pablo.kutch@yahoo.com,(505) 646-8675
Cordell Wolff,doretha.fay@hotmail.com,(505) 641-5830
Issac Grady,gene.herzog@yahoo.com,(305) 214-1491
Raymon Stark PhD,colton.west@gmail.com,(505) 787-3600
Terry Howell,vicente.kertzmann@hotmail.com,(472) 473-5368
Meaghan Erdman,fern.veum@hotmail.com,(305) 748-6379
Lucien Rogahn MD,harriett.bartoletti@gmail.com,(983) 956-5674
Carlos Larson Jr.,leland.schmeler@yahoo.com,(505) 682-4410
Cortez Koch,elisha.lowe@yahoo.com,(505) 673-7181
Dannie Howell,sheldon.jaskolski@hotmail.com,(274) 266-9550
Jenise Weber,domingo.mueller@yahoo.com,(505) 616-4154
Vance Cassin,reggie.kassulke@yahoo.com,(305) 205-3787
Marianne Pollich,majorie.hoppe@gmail.com,(305) 201-5484
Arnold Reichel PhD,lauryn.murphy@gmail.com,(505) 208-5042
Coralie Donnelly,lajuana.okeefe@yahoo.com,(505) 684-5173
Diego Kulas,chantal.boehm@yahoo.com,(505) 643-7166
Luciano Kiehn,emerita.nienow@yahoo.com,(983) 894-1298
Josiah Homenick,jacelyn.casper@yahoo.com,(505) 648-6869
Mrs. Trinh Blick,amada.vonrueden@yahoo.com,(645) 530-5933
Dr. Ellsworth Schneider,maxwell.nitzsche@gmail.com,(305) 200-6423
Mrs. Takisha Raynor,hershel.waters@yahoo.com,(305) 734-6799
Vince Wunsch PhD,casimira.haley@hotmail.com,(305) 266-8695
Lorene Reichel,kaylee.weber@hotmail.com,(458) 854-8454
Marshall Ankunding,ike.howell@gmail.com,(305) 248-7633
Wyatt Block,johnathon.davis@hotmail.com,(274) 261-9706
Catrice Bosco III,alexander.breitenberg@gmail.com,(302) 928-3280
Lisha Graham,myron.schmitt@yahoo.com,(305) 204-9261
Kathlene Runolfsdottir,jayme.veum@yahoo.com,(458) 217-0333
Porsche Kassulke,sarina.welch@yahoo.com,(305) 544-6208
Arnette Gerhold,keshia.monahan@hotmail.com,(737) 832-7747
Freeman Huels,gary.cummings@gmail.com,(305) 202-1334
Clay Ziemann,malcolm.smitham@gmail.com,(472) 884-1284
Francina Jacobi,ophelia.berge@hotmail.com,(305) 200-2419
Mr. Art Hettinger,tambra.stehr@gmail.com,(763) 958-3460
Abdul Ankunding,melany.kuphal@gmail.com,(305) 277-4448
Riley Towne,werner.jones@hotmail.com,(786) 835-4972
Dr. Carey Bednar,denis.wolff@gmail.com,(983) 384-2950
Miss Gayle Murazik,john.barton@yahoo.com,(505) 621-4960
Dr. Melony Lemke,deandre.bins@yahoo.com,(458) 868-8413
Duncan Renner,darrel.pollich@gmail.com,(813) 594-4661
Ronnie Veum,scot.schuppe@yahoo.com,(505) 695-6768
Arnold Barton,manual.bernhard@hotmail.com,(505) 652-0561
Ms. Deedra Leffler,spencer.ward@gmail.com,(350) 224-6345
Leona Corwin,delmer.ryan@gmail.com,(305) 201-1904
Dr. Nick Corwin,tawny.schmidt@hotmail.com,(472) 223-7789
Clifton Shanahan,temeka.reichel@hotmail.com,(983) 779-1946
Thanh Krajcik,cyril.heaney@hotmail.com,(505) 595-8563
Bryon Yundt,jay.koch@hotmail.com,(248) 515-9827
Roberto Cruickshank,shayna.lueilwitz@gmail.com,(505) 421-7043
Wilma Champlin,tamera.wilderman@hotmail.com,(505) 641-9936
Eun McClure,marci.vonrueden@gmail.com,(341) 830-0864
Mariel Simonis,colin.lowe@gmail.com,(754) 533-4535
Ralph Tromp IV,kurt.kemmer@yahoo.com,(505) 455-0271
Ms. Kary Sanford,juana.mcclure@gmail.com,(539) 213-5827
Dylan Romaguera,yoshie.rutherford@hotmail.com,(346) 508-8739
Laurinda Bergstrom MD,boris.koelpin@hotmail.com,(274) 284-6427
Lawrence Friesen,neida.stoltenberg@yahoo.com,(305) 202-2386
Mable Hauck,danyelle.kovacek@gmail.com,(305) 203-0319
John Brown III,jeri.ritchie@hotmail.com,(983) 781-4453
Lissa Langosh,farrah.turcotte@gmail.com,(828) 656-3221
Miss Ariel Larkin,norberto.carroll@hotmail.com,(274) 222-3487
Andrew Strosin,riley.gottlieb@gmail.com,(505) 640-1162
Yolando Hudson,daniel.shanahan@hotmail.com,(305) 206-8342
Cory Feil,arlen.mohr@hotmail.com,(225) 230-1194
Justin Kris,gregory.satterfield@hotmail.com,(472) 808-5901
Jeffie Sporer,carlita.berge@hotmail.com,(458) 253-7512
Alexia O'Conner,leonia.grimes@yahoo.com,(274) 248-3704
Ms. Josef Casper,ambrose.homenick@hotmail.com,(305) 482-7202
Bill Bayer,olen.heathcote@yahoo.com,(765) 573-8168
Aliza Wunsch,jamel.king@gmail.com,(983) 979-4666
Dr. Laurence Macejkovic,christopher.harris@gmail.com,(907) 239-1686
Chad Blanda,moon.marquardt@hotmail.com,(305) 489-0029
Manie Schulist Sr.,cory.barrows@gmail.com,(870) 902-2893
Antony Kreiger,danette.strosin@hotmail.com,(505) 674-8572
Odell Orn,hyun.moen@gmail.com,(472) 228-5010
Concetta Schmidt,elin.gulgowski@gmail.com,(274) 214-4548
Isidro Hermann,alda.trantow@gmail.com,(330) 475-0685
Tanya Terry,grant.shanahan@yahoo.com,(210) 577-7026
Alfred Reynolds PhD,andres.tromp@gmail.com,(505) 933-5972
Candi Huels,edmundo.mccullough@hotmail.com,(518) 414-3806
Yolanda Leffler,jae.friesen@hotmail.com,(305) 254-9372
Dinorah Morissette,hiram.mckenzie@gmail.com,(484) 437-3177
Joey Brekke,timothy.koepp@hotmail.com,(505) 819-9042
Eleanor Heathcote,mario.rolfson@hotmail.com,(505) 660-4161
Freeman Torp III,silas.wilderman@gmail.com,(305) 200-8938
Ms. Simonne Reynolds,marlon.murray@gmail.com,(505) 642-7347
Alexis Klein MD,refugio.johns@gmail.com,(983) 265-3493
Colene Beatty,darren.willms@hotmail.com,(505) 702-8158
Bertie Murray,evelyne.bauch@gmail.com,(505) 641-0062
Mr. Arron Morissette,jennell.funk@gmail.com,(983) 480-8453
Ms. Mariella Schmeler,gerardo.torp@gmail.com,(305) 201-2625
Mrs. Ahmad Auer,junior.homenick@gmail.com,(505) 681-3261
Tawana Yundt,eusebio.keeling@yahoo.com,(531) 351-0235
Miss Darrell Dare,leslie.kihn@hotmail.com,(281) 631-5817
Georgene Ankunding,peggie.fay@hotmail.com,(305) 961-2704
Milford Boyle,kelsi.cummerata@yahoo.com,(274) 253-8051
Kerstin Morar,dwight.tillman@gmail.com,(505) 966-2380
Karima Lang,cleopatra.nicolas@yahoo.com,(505) 297-7932
Mauro Steuber,emeline.jacobson@hotmail.com,(505) 678-5374
Dr. Nicolas O'Keefe,brendan.hermiston@yahoo.com,(505) 696-5558
Daniel Haley,garret.spinka@gmail.com,(276) 436-4734
Seth Baumbach IV,kirby.barrows@gmail.com,(235) 268-9860
Vena Luettgen,jared.watsica@yahoo.com,(305) 895-0284
Selma Reinger,vince.kihn@yahoo.com,(983) 839-5504
Gaston Halvorson DVM,gwenn.feil@hotmail.com,(305) 479-3734
Ricardo Runolfsdottir DVM,enda.satterfield@yahoo.com,(815) 629-2571
Erminia Jakubowski,mauro.hirthe@yahoo.com,(507) 240-2900
Josette Ortiz,alden.ruecker@gmail.com,(305) 263-7561
Dr. Reva McDermott,maragaret.romaguera@hotmail.com,(305) 218-8868
Cecil Brown,graig.yost@yahoo.com,(701) 821-0029
Ms. Minh Runolfsson,douglas.lebsack@gmail.com,(410) 758-0488
Humberto Hagenes,magdalen.gerhold@hotmail.com,(469) 899-6066
Fermin Witting,petra.weber@gmail.com,(274) 200-7405
Hermina Konopelski,darius.dickens@yahoo.com,(609) 485-4606
Nikole Prosacco,pat.casper@gmail.com,(773) 675-9211
Mr. Harriet Rippin,john.gusikowski@gmail.com,(505) 606-2455
Deetta Trantow,jami.schulist@yahoo.com,(274) 245-2476
Dustin Schmidt,helena.wolf@gmail.com,(505) 397-6691
Manual Hammes,zenia.keeling@yahoo.com,(283) 669-5969
Juana Lynch,malik.romaguera@hotmail.com,(505) 758-9423
Riley Oberbrunner DVM,victor.marvin@yahoo.com,(447) 489-1764
Jamie Mraz,jonelle.wyman@yahoo.com,(234) 960-5854
Leila Koss,angele.lynch@hotmail.com,(505) 683-0514
Rex Emmerich,tawna.collier@hotmail.com,(505) 640-1773
Miss Ty Witting,alayna.wuckert@hotmail.com,(472) 236-0212
Maggie Spencer,regena.gislason@yahoo.com,(505) 691-7811
Mrs. Skye Hartmann,sharron.gulgowski@gmail.com,(472) 217-4121
Franklin McGlynn,lashandra.haag@gmail.com,(305) 204-9970
Coral Block,nikita.kutch@yahoo.com,(680) 789-3335
Burton Rutherford,erma.heller@gmail.com,(669) 952-4804
Leopoldo Mohr,spencer.kozey@gmail.com,(505) 646-3611
Miss Celestina Hansen,ginny.nader@gmail.com,(983) 405-0703
Marcy Keebler,jule.leffler@hotmail.com,(505) 651-9257
Mrs. Andrew Wintheiser,darell.lang@hotmail.com,(983) 910-0446
Ida Buckridge,eliseo.rippin@hotmail.com,(505) 605-9712
Miss Shannan Yundt,skye.turcotte@gmail.com,(704) 245-3374
Arthur Brown,tomeka.heller@gmail.com,(747) 894-2794
Ernie Morissette,brett.prohaska@gmail.com,(505) 565-5702
Terisa Renner,iris.hyatt@yahoo.com,(305) 203-8892
Rosie Funk,amparo.shanahan@hotmail.com,(305) 223-2257
Jay Kautzer MD,anderson.emmerich@hotmail.com,(305) 440-4822
Abdul Kling,reed.corkery@hotmail.com,(472) 709-4155
Milagros Bahringer,lashonda.koelpin@yahoo.com,(274) 284-5949
Edmundo Skiles,fletcher.kulas@hotmail.com,(321) 978-4733
Terry West,erwin.stroman@hotmail.com,(305) 317-7869
Ms. Griselda Keeling,casimira.renner@gmail.com,(505) 688-6003
Ms. Magdalene Reynolds,jewel.mayert@yahoo.com,(512) 239-3544
Brain Cremin,delmar.spencer@yahoo.com,(305) 223-2764
Ginette Thiel,wm.jones@gmail.com,(272) 390-0801
Abel Barton,rene.bartoletti@gmail.com,(505) 642-4353
Mr. Kathrine Aufderhar,alice.hickle@gmail.com,(274) 237-3953
Robbi Schowalter,geraldo.ullrich@yahoo.com,(305) 813-8554
Johnny Schneider,dannielle.hansen@hotmail.com,(305) 203-1524
Gregory Balistreri,zachariah.mcclure@yahoo.com,(646) 238-7627
Yee Bergstrom,willy.bernier@gmail.com,(305) 202-2829
Mickie Walsh MD,trent.wolff@gmail.com,(305) 547-3160
Gilberte Gulgowski MD,bernard.predovic@hotmail.com,(274) 204-7819
Cami Kshlerin,mohammad.raynor@hotmail.com,(223) 919-9013
Chi Larkin,karolyn.gutkowski@yahoo.com,(274) 247-9057
Mathilde Fritsch,alfreda.haley@yahoo.com,(505) 685-8356
Erin Reinger,lacy.beatty@yahoo.com,(505) 640-8419
Sean Zulauf,gary.bradtke@gmail.com,(826) 363-7218
Paris Hane Sr.,abraham.zulauf@hotmail.com,(228) 431-9959
Randal Stracke DDS,bret.hyatt@gmail.com,(505) 643-7183
Dexter Harris II,whitney.mohr@gmail.com,(480) 403-2357
Leandro Walsh,rodger.windler@hotmail.com,(386) 665-5037
Louella Hilpert IV,dewayne.brakus@hotmail.com,(305) 295-7348
Cherilyn Bechtelar Jr.,theron.denesik@yahoo.com,(983) 881-1936
Jonathon Padberg DVM,lavern.kovacek@yahoo.com,(305) 274-3690
Dr. Billy Dibbert,hermelinda.daniel@gmail.com,(505) 641-6150
Norberto Carter,darell.dubuque@yahoo.com,(274) 265-4101
Dr. Lorilee Konopelski,kirby.wintheiser@gmail.com,(339) 567-8917
Christal Kris,heath.buckridge@hotmail.com,(505) 955-7636
Lester Hodkiewicz,hyo.kirlin@gmail.com,(737) 236-2770
Ms. Sima Carter,marc.shields@yahoo.com,(531) 743-2018
Joana O'Keefe,milton.ernser@gmail.com,(417) 869-6953
Dr. Coleman Heaney,martin.brekke@yahoo.com,(305) 222-5844
Vanetta Weimann,akiko.bradtke@hotmail.com,(505) 441-9573
Dr. Palmer Rath,eliseo.bins@hotmail.com,(305) 203-6300
Timmy Block,otelia.nikolaus@hotmail.com,(305) 552-4316
Scott Weimann PhD,ramona.considine@gmail.com,(505) 587-7862
Lou Ryan III,katheryn.schumm@hotmail.com,(305) 222-2252
Toby Dach,kristofer.littel@gmail.com,(305) 293-9678
Miss Salley Olson,belinda.bogan@gmail.com,(305) 262-8856
Lurlene Heller,keila.cole@hotmail.com,(274) 270-0497
Mrs. Hee Collins,marshall.boyer@yahoo.com,(305) 246-6826
Nickolas Tromp,steffanie.macgyver@gmail.com,(472) 273-5315
Tillie King,sarita.bechtelar@yahoo.com,(305) 208-9917
Allie Ernser I,samatha.kuvalis@gmail.com,(505) 657-2273
Mr. Daryl Kris,rochell.bechtelar@gmail.com,(402) 326-1707
Nova Bartell,kathyrn.lueilwitz@yahoo.com,(505) 333-1788
Ms. Jed Harris,aron.gerlach@gmail.com,(361) 336-0512
Ashli Mraz DDS,buddy.tromp@gmail.com,(505) 646-3384
Jack Kemmer,lee.muller@gmail.com,(901) 463-1305
Miss Dino Sporer,sherryl.larson@hotmail.com,(505) 891-7809
Stevie Rau,marion.murray@hotmail.com,(305) 202-3297
Dr. Babette Dibbert,rosalba.mueller@gmail.com,(505) 477-7099
Loraine O'Kon,douglass.wolf@gmail.com,(274) 256-0765
Willian Tremblay,donella.hartmann@gmail.com,(472) 446-3349
Enrique Littel,miles.kling@yahoo.com,(305) 486-5019
Aleida Jakubowski,charline.yundt@yahoo.com,(505) 673-4377
Kristofer Doyle,stuart.swaniawski@hotmail.com,(505) 693-2204
Darcey Rogahn,val.paucek@yahoo.com,(505) 646-6797
Molly Rath,katherina.lueilwitz@yahoo.com,(305) 224-4882
Willie Douglas II,tillie.abbott@gmail.com,(505) 624-8617
Malcom Bednar,neva.haley@gmail.com,(305) 845-2018
Brant Willms,oliver.hahn@gmail.com,(505) 609-6269
Brady Kozey III,ira.hackett@yahoo.com,(983) 303-0609
Dr. Ezekiel Blick,miquel.kohler@yahoo.com,(681) 273-8151
Ms. Newton Ritchie,brett.ratke@yahoo.com,(305) 269-6647
Loraine Bartell,gaylord.runolfsdottir@yahoo.com,(539) 735-6769
Russel Conn,elwood.klocko@hotmail.com,(561) 355-4547
Valarie Leffler,ismael.skiles@hotmail.com,(505) 402-0395
Mrs. Maryjo Ward,hubert.waters@hotmail.com,(505) 656-4011
Melony Bode,jene.brakus@yahoo.com,(619) 802-7627
Everette Deckow,alfredo.corkery@yahoo.com,(505) 643-6230
Glennis Baumbach,sarina.windler@gmail.com,(769) 358-7022
Katy Kub,jenny.carroll@gmail.com,(305) 273-6788
Karren Stroman,del.altenwerth@hotmail.com,(636) 710-2523
Izola Lemke,geraldo.nolan@hotmail.com,(505) 642-5810
Leonida Sporer,jonas.deckow@hotmail.com,(505) 640-7178
Loan Schmeler,karina.wyman@yahoo.com,(305) 244-3712
Arthur Nicolas,lyndia.torp@yahoo.com,(505) 640-6007
Mr. Elissa Zieme,carmen.wuckert@gmail.com,(274) 217-1154
Colene Wolf,alex.nienow@gmail.com,(274) 286-8154
Claud Funk,emilia.kautzer@hotmail.com,(274) 238-1382
Alycia Padberg,al.farrell@gmail.com,(501) 267-0524
Ms. Kiana Turner,india.brakus@yahoo.com,(505) 643-0882
Kenny Goldner,david.kessler@gmail.com,(505) 606-2250
Ezequiel Conroy,sid.mcglynn@gmail.com,(305) 206-7366
Tracey Kulas,lowell.hagenes@yahoo.com,(231) 571-0802
Yuriko Stamm,hellen.witting@yahoo.com,(434) 867-0964
Mr. Tomas Macejkovic,dylan.turcotte@yahoo.com,(470) 398-9404
Barney Schulist,lucienne.rowe@hotmail.com,(475) 691-2781
Lino Bashirian,isidro.schinner@yahoo.com,(347) 521-3298
Leif Lynch IV,delsie.okeefe@yahoo.com,(657) 330-5022
Ms. Karleen Stehr,dalton.wolf@gmail.com,(983) 822-3389
Miss Stanford Kirlin,ruthie.cartwright@gmail.com,(754) 763-6527
Jeffery Ritchie,ja.marks@gmail.com,(305) 290-0858
Lauren Herman,misty.mckenzie@yahoo.com,(305) 904-7956
Magda Osinski,jose.reichert@yahoo.com,(505) 642-2002
Mikel Lang,mitchell.dietrich@gmail.com,(445) 797-1957
Mrs. Virgie Bayer,napoleon.russel@gmail.com,(505) 489-4286
Latonia Rippin,williams.brakus@yahoo.com,(505) 654-0048
Dawne Powlowski,truman.reinger@hotmail.com,(505) 640-4744
Julieann Lakin I,willia.mayer@hotmail.com,(305) 439-9082
Anglea Hegmann,rosario.simonis@yahoo.com,(505) 642-2454
Rafaela Barrows III,darin.graham@yahoo.com,(505) 648-1944
Cleotilde Murray,sidney.grady@yahoo.com,(517) 393-9194
Tyron Macejkovic,lori.quitzon@gmail.com,(404) 506-8430
Keeley Legros,lemuel.marks@hotmail.com,(305) 201-5345
Michal Balistreri,mariette.oreilly@yahoo.com,(240) 392-3537
Jaymie Kub,albert.cormier@gmail.com,(830) 650-0224
Celine Huel,richard.gislason@yahoo.com,(305) 227-5868
Audria Haley,stacy.padberg@hotmail.com,(472) 731-7052
Eladia Powlowski,shelby.rohan@gmail.com,(336) 557-1457
Hang Kuvalis,roderick.deckow@yahoo.com,(305) 204-4297
Eveline Fisher,gayle.lind@gmail.com,(505) 641-7813
Mallie O'Kon,cassey.senger@gmail.com,(305) 208-2804
Joy Morissette,dalton.olson@yahoo.com,(305) 205-4739
Mr. Mario Hudson,deanna.lakin@gmail.com,(332) 242-6419
Nelson Lemke,elvin.pagac@hotmail.com,(505) 629-3955
Robert Mohr,casie.gibson@yahoo.com,(505) 648-5193
Dr. Laverne Cormier,iola.boehm@hotmail.com,(623) 560-4653
Loris Lockman,stacie.grant@yahoo.com,(305) 202-1940
Ms. Aleta Hauck,carlos.heller@gmail.com,(305) 240-3444
Grisel Okuneva MD,lai.lynch@yahoo.com,(983) 375-9566
Alden Hirthe,ashton.parisian@yahoo.com,(582) 278-7514
Oneida Tromp,chung.mraz@gmail.com,(386) 370-6202
Eleanora Stehr,garry.welch@yahoo.com,(305) 203-4721
Francis Bechtelar,johnnie.white@gmail.com,(472) 977-8712
Genna Kuhic,palmira.parisian@yahoo.com,(551) 885-8539
Hosea O'Kon,joe.mueller@hotmail.com,(983) 474-7316
Cornelius Wisoky,greg.reichert@yahoo.com,(305) 306-2965
Mr. Ressie Ankunding,pasty.bauch@gmail.com,(845) 617-0607
Inez Wisozk,margart.runte@gmail.com,(305) 200-4731
Kathryn Legros,jordon.swaniawski@gmail.com,(305) 201-3434
Tanisha Klein,donetta.mueller@gmail.com,(505) 365-0680
Dr. Hugh Gibson,emile.frami@yahoo.com,(505) 887-5747
Ramonita Hand,darryl.lakin@hotmail.com,(305) 204-7738
Isidra Kuhlman,daren.hahn@yahoo.com,(479) 691-6275
Ms. Stanford Anderson,nicolas.hand@yahoo.com,(274) 217-7967
Glinda Hartmann,sharla.will@yahoo.com,(505) 499-5901
Jame Rohan,izola.mcglynn@gmail.com,(274) 254-5550
Roland Jakubowski,marcie.waelchi@hotmail.com,(505) 607-5794
Ms. Estela Emard,lane.bashirian@yahoo.com,(270) 921-5422
Crystle Leffler,rebbecca.kassulke@gmail.com,(305) 261-5376
Gale Koepp,tommye.corkery@yahoo.com,(856) 249-9063
Jeanice Weimann I,ethelene.block@yahoo.com,(305) 208-1103
Ms. Thurman Abbott,anibal.schuster@gmail.com,(505) 667-9769
Lucas Heidenreich,dreama.rempel@gmail.com,(505) 693-8027
Miss Rory Zemlak,lynna.lynch@yahoo.com,(469) 792-4715
Omar Hintz I,billye.mayert@yahoo.com,(326) 976-6788
Kevin Rippin II,nickole.lang@yahoo.com,(850) 773-3015
Marquis Harris,tuyet.brekke@yahoo.com,(305) 207-5610
Nereida Ratke,edward.damore@yahoo.com,(609) 946-9220
Floyd Schuppe MD,eugene.hand@gmail.com,(505) 643-1436
Mrs. Jamal Nader,colby.huels@yahoo.com,(225) 815-3218
Kelly Ankunding,ambrose.ledner@yahoo.com,(948) 301-4679
Stefani Jacobi IV,rochell.shields@hotmail.com,(651) 420-5117
Carylon Oberbrunner,korey.king@hotmail.com,(310) 645-4625
Billye Mayert,emil.kutch@hotmail.com,(274) 295-5176
Mr. Marie Kris,dale.wisozk@hotmail.com,(305) 249-3252
Reuben Grimes,rosena.jacobi@hotmail.com,(505) 787-0691
Gay Tromp PhD,erwin.mclaughlin@gmail.com,(505) 666-9871
Quinn Barrows,ervin.bernier@gmail.com,(629) 431-2445
Carman Grady,salena.daugherty@yahoo.com,(472) 969-2514
Mr. Neoma Medhurst,marc.zieme@yahoo.com,(305) 580-1476
Ms. Josue Ratke,deandre.rolfson@yahoo.com,(305) 201-5124
Danial Langworth,roman.jacobson@hotmail.com,(305) 208-0634
Velvet Runolfsdottir,andy.douglas@gmail.com,(480) 741-0395
Hosea McDermott DVM,merrill.schneider@gmail.com,(505) 677-8400
Johnie Wintheiser,catherine.heathcote@hotmail.com,(983) 808-8433
Lamar Larson,randell.hill@gmail.com,(505) 881-4519
Debi Rutherford Sr.,margaretta.crooks@yahoo.com,(458) 397-9645
Alaina Ondricka,alena.swaniawski@yahoo.com,(326) 680-1865
Chanell Weimann,jerrica.treutel@yahoo.com,(305) 205-7688
Zelma Emmerich V,marcel.conn@gmail.com,(983) 435-0837
Joseph Donnelly,austin.thompson@gmail.com,(231) 589-6955
Allie Considine,lucas.jakubowski@yahoo.com,(305) 252-2257
Sandee Goyette,gerald.haag@yahoo.com,(337) 819-0368
Sook Keeling Jr.,vern.macejkovic@yahoo.com,(305) 202-2907
Cesar Johnston,stephen.flatley@gmail.com,(274) 217-6102
Vernon Howell V,jeffery.conn@yahoo.com,(505) 640-2359
Jared Morar,joseph.medhurst@gmail.com,(380) 926-5733
Gonzalo Mraz,modesto.schulist@yahoo.com,(769) 912-0860
Mikel Gottlieb IV,latesha.rau@hotmail.com,(505) 646-3064
Felix Bogisich,toney.daniel@hotmail.com,(505) 663-7941
Ms. Noelia Russel,liz.monahan@gmail.com,(305) 201-8158
Kimber Harvey,glen.torphy@hotmail.com,(274) 250-1658
Anton Zemlak,cleotilde.mertz@yahoo.com,(505) 679-5615
Palmer Stehr I,rueben.toy@hotmail.com,(424) 648-7910
Kayce Bartell,minda.renner@hotmail.com,(983) 317-5143
Titus Stracke,leida.kilback@gmail.com,(472) 939-1346
Dee Wilkinson,myrtis.beier@gmail.com,(626) 788-9067
Daron Quitzon,tanisha.legros@hotmail.com,(423) 873-8987
Miss Javier Hermann,apryl.kunze@gmail.com,(505) 646-0182
Vaughn Lindgren,vincenza.sipes@gmail.com,(274) 265-1412
Reynalda Schultz,donya.rosenbaum@gmail.com,(616) 439-9466
Mari Wiza,margery.kunze@gmail.com,(274) 287-0073
Leigh Hill Sr.,todd.howe@yahoo.com,(305) 753-8919
Ollie Borer,leonel.kuphal@hotmail.com,(505) 648-5033
Miss Wilmer Jenkins,mikki.leuschke@yahoo.com,(728) 602-6126
Tammera Veum,elane.ortiz@hotmail.com,(305) 272-9301
Dominique Hyatt,carlyn.beahan@yahoo.com,(305) 408-8166
Mr. Micheal Kunde,gayla.sipes@gmail.com,(305) 200-9974
Yolanda Leuschke,audry.pfeffer@hotmail.com,(274) 250-4823
Roberto Tillman,gina.gibson@hotmail.com,(505) 849-2051
Galen Parisian,kaylee.hermiston@hotmail.com,(785) 998-9519
Ms. Lavonne Lakin,madie.west@yahoo.com,(447) 204-9617
Dr. Herminia Robel,miesha.hickle@yahoo.com,(754) 670-5789
Maryalice Kreiger,leonore.parker@hotmail.com,(327) 251-1526
Thuy Heathcote,dante.daugherty@gmail.com,(724) 826-8507
Miss Ivory Price,trent.heller@yahoo.com,(564) 943-7673
Gene Yost,randolph.carter@yahoo.com,(725) 487-8042
Bette Maggio,rolf.hagenes@gmail.com,(983) 961-4690
Alfreda Paucek,annabel.koss@gmail.com,(305) 807-2674
Ms. Alix Ryan,junior.donnelly@gmail.com,(305) 575-5671
Erik Pfannerstill,ike.ferry@gmail.com,(472) 890-6674
Tosha Walsh,george.dooley@hotmail.com,(820) 218-9999
Nella Cole,genny.jakubowski@hotmail.com,(305) 269-8745
Renita Willms,otilia.hackett@hotmail.com,(505) 651-0321
Rochel Zboncak,pamala.crist@hotmail.com,(505) 624-2534
Jalisa Morissette,cary.watsica@yahoo.com,(586) 831-7426
Evangeline Bergnaum,rebbecca.harvey@hotmail.com,(274) 255-7952
Mrs. Ivan Witting,twila.murphy@yahoo.com,(283) 978-7893
Miss Mohamed Parisian,len.collins@gmail.com,(305) 258-8068
Britney Monahan,dustin.moen@gmail.com,(240) 920-3559
Zana Marquardt PhD,berry.klein@yahoo.com,(959) 956-9166
Francie Smitham,conrad.herman@hotmail.com,(305) 205-2421
Mrs. Una Conroy,rosy.tillman@yahoo.com,(305) 777-1144
Benton Kunde II,dorthea.weissnat@hotmail.com,(472) 789-7386
Rosalina Sipes,ayanna.krajcik@hotmail.com,(305) 523-6178
Miss Bernie Harber,nicolle.connelly@yahoo.com,(505) 602-5972
Lavern Harvey,kory.gleichner@gmail.com,(274) 291-4675
Pablo Ryan,samual.reichel@hotmail.com,(505) 286-3007
Ettie King,brandon.kulas@yahoo.com,(305) 285-4532
Augustus Brakus,sammie.larkin@hotmail.com,(920) 880-2039
Adaline King,carmel.bergnaum@hotmail.com,(954) 884-1198
Miss Elva Balistreri,deidra.senger@gmail.com,(274) 287-2561
Mrs. Reed McCullough,lynda.huel@gmail.com,(305) 259-1811
Harlan Murazik V,christian.collins@hotmail.com,(505) 641-9184
Nubia Kassulke,ronny.friesen@hotmail.com,(979) 883-5489
Hien Nader,jenise.pollich@hotmail.com,(505) 641-1137
Daysi McClure PhD,nicole.gibson@hotmail.com,(472) 447-9911
Johnetta Ankunding,oliver.wolff@yahoo.com,(505) 642-1382
Kenia Ankunding,stanford.pfeffer@gmail.com,(472) 886-7019
Cynthia Jacobs,ozzie.rowe@gmail.com,(505) 715-5625
Maryanna Miller Jr.,nettie.dach@yahoo.com,(505) 662-5851
Shad Spinka,su.marquardt@gmail.com,(505) 681-7157
Helen Schuppe,patricia.kunde@hotmail.com,(754) 834-9607
Zona Luettgen,denny.schoen@hotmail.com,(785) 822-1889
Carlo Zieme,edmund.little@hotmail.com,(743) 391-8695
Madelyn Kirlin,delores.buckridge@yahoo.com,(270) 540-8604
Ms. Faustino Jast,wilber.hayes@yahoo.com,(728) 461-3880
Anglea Kunze,nicolasa.schuppe@hotmail.com,(505) 658-4185
Hettie Schaden,rosella.luettgen@hotmail.com,(678) 997-9198
Thu Rath,charissa.schaden@gmail.com,(305) 202-0147
Marcelina Emard,gilda.braun@gmail.com,(505) 640-1634
Cole Labadie,brenton.armstrong@yahoo.com,(983) 311-9315
Miss Price,anglea.bernhard@yahoo.com,(575) 616-0532
Jesse Pollich,nicolasa.luettgen@hotmail.com,(262) 428-1013
Bruno Hyatt,alecia.pouros@hotmail.com,(505) 633-0306
Mr. Macy Gulgowski,rebecca.reinger@yahoo.com,(505) 620-2778
Trang Weissnat,mose.nicolas@hotmail.com,(274) 231-5471
Nobuko Crist,anibal.ryan@gmail.com,(505) 644-5412
Nikita Prosacco,shelton.collins@gmail.com,(305) 214-0208
Dr. Rita Roberts,gale.hettinger@hotmail.com,(505) 922-2804
Trey Sporer III,gisele.morar@yahoo.com,(218) 425-7151
Greg Lebsack,alec.fisher@gmail.com,(505) 643-4348
Fannie Medhurst PhD,donnie.king@gmail.com,(909) 544-5745
Rob Jacobi,domenica.bauch@hotmail.com,(305) 221-7985
Guillermo Kemmer,adelle.ziemann@gmail.com,(505) 672-3665
Chastity Franecki,phyliss.howell@gmail.com,(830) 366-7693
Dorie Frami,wallace.pouros@yahoo.com,(305) 237-0952
Curt Upton,hugo.herzog@yahoo.com,(274) 244-1388
Francene Kris,jame.kohler@yahoo.com,(983) 926-0788
Katie Terry,onita.schimmel@hotmail.com,(983) 243-3591
Mrs. Robbie Harvey,vance.effertz@yahoo.com,(274) 262-3510
Rayford Stehr,ngan.collier@gmail.com,(505) 724-1694
Douglas Pacocha,elfriede.ullrich@hotmail.com,(472) 877-1010
Cristina Breitenberg,tomeka.bednar@yahoo.com,(505) 641-3392
Mana Batz,levi.pouros@yahoo.com,(484) 477-9001
Nathanael Greenfelder,jewel.stamm@gmail.com,(274) 263-4742
Deon Beer III,rigoberto.mertz@yahoo.com,(274) 247-4292
Daysi Emard DDS,jerrold.quitzon@hotmail.com,(505) 643-5412
Adrianne Hahn,freeman.rowe@hotmail.com,(305) 229-9212
Mrs. Archie Medhurst,devona.hamill@yahoo.com,(505) 681-3523
Cecil Smitham DVM,maryalice.lind@hotmail.com,(983) 427-3253
Vernon Treutel,giuseppe.rowe@gmail.com,(262) 733-0372
Aracelis Bergnaum,jeffery.parker@yahoo.com,(983) 770-6560
Mr. Kenisha Dooley,adalberto.wisozk@hotmail.com,(707) 963-6407
Herschel Brakus,kip.funk@gmail.com,(505) 476-3671
Collen Deckow,leonardo.auer@hotmail.com,(332) 525-8455
Terresa Cronin,hortensia.bednar@gmail.com,(505) 668-1660
Ms. Marchelle Runolfsson,moses.kassulke@gmail.com,(305) 254-6758
Boris Heller,marla.aufderhar@yahoo.com,(575) 614-5232
Meagan Mohr,myrtie.hills@hotmail.com,(316) 528-8586
Kimbra Lang,rutha.bayer@hotmail.com,(274) 241-4295
Mr. Sudie Yost,shiela.kuhlman@yahoo.com,(505) 619-8604
Rudy Konopelski,bertha.erdman@yahoo.com,(740) 900-3811
Zenaida O'Reilly,bradford.skiles@yahoo.com,(305) 284-1229
Sol Fadel DVM,ozella.smitham@hotmail.com,(586) 592-9894
Cyril Renner IV,louis.mcclure@gmail.com,(305) 838-3456
Shella Bechtelar III,chanel.conn@hotmail.com,(274) 285-3323
Robin Hodkiewicz,lenard.howe@yahoo.com,(305) 223-0724
Cleveland Reynolds,rolando.hodkiewicz@gmail.com,(505) 540-3162
Dr. Craig Deckow,hubert.barrows@yahoo.com,(472) 745-3162
Terrence Wisozk PhD,ivan.miller@hotmail.com,(305) 489-9983
Linwood Turner,wallace.ferry@gmail.com,(505) 641-2086
Maurice McClure,bradley.will@yahoo.com,(505) 644-7265
Dr. Anya Bernier,sanford.jacobson@hotmail.com,(505) 659-1040
Peggy Turcotte,verna.cormier@hotmail.com,(856) 881-0517
Mark Raynor,florentino.hermann@yahoo.com,(505) 694-1425
Mrs. Juan Harvey,katharyn.emard@hotmail.com,(346) 618-1706
Mila Ankunding,shyla.parisian@yahoo.com,(983) 745-1147
Arnette Paucek,wiley.macgyver@hotmail.com,(505) 635-8670
Leola Stiedemann DVM,octavio.considine@yahoo.com,(718) 759-5224
Miles Herzog,marine.lebsack@hotmail.com,(305) 254-8109
Mrs. Burton Brakus,audrea.lehner@gmail.com,(501) 699-0417
Ms. Tina Schmeler,franklyn.hilpert@hotmail.com,(505) 811-1737
Cher Bednar,boris.runolfsdottir@yahoo.com,(305) 260-6039
Donnell Dibbert,shela.hoppe@yahoo.com,(947) 727-2931
Dr. Carey Kutch,zonia.runolfsson@hotmail.com,(505) 646-6788
Mrs. Kurtis Anderson,tami.gutmann@yahoo.com,(305) 204-8444
Serina Hackett,shawna.gislason@gmail.com,(813) 440-8030
Frankie Hermann II,nadine.schmeler@yahoo.com,(274) 228-5773
Irish Ryan,kenneth.wisoky@hotmail.com,(458) 601-3052
Hoyt Gutkowski,donte.reichert@yahoo.com,(423) 623-8413
Ramiro Miller,kiyoko.stark@gmail.com,(274) 272-4413
Dan Barton,marion.friesen@gmail.com,(662) 486-6964
Altha Okuneva,maud.rowe@yahoo.com,(754) 861-2451
Mrs. Armand Mann,matilda.streich@gmail.com,(305) 206-0525
Burl Ryan,kirk.marvin@gmail.com,(615) 869-0404
Mitzie Jacobson,lillia.hauck@hotmail.com,(840) 597-1366
Mac Baumbach,collin.hamill@yahoo.com,(363) 448-8481
Claribel Kovacek,brenton.spinka@gmail.com,(828) 974-2038
Trinidad Moore,cody.macgyver@yahoo.com,(786) 768-3216
Aja Kshlerin,wilburn.auer@gmail.com,(274) 273-6251
Nelson Abernathy,lizette.gleichner@gmail.com,(605) 535-6854
Armida Lubowitz,myra.gibson@yahoo.com,(305) 294-0871
Bambi Jakubowski,anamaria.marquardt@gmail.com,(305) 286-0001
Mrs. Thea Koelpin,bette.moore@yahoo.com,(274) 226-6302
Jackson Satterfield,cruz.berge@yahoo.com,(505) 288-7151
Colin Daniel,renaldo.swaniawski@hotmail.com,(505) 610-6013
Moises Quitzon,viva.rempel@gmail.com,(502) 959-3113
Jeni Barton,juliane.kiehn@hotmail.com,(305) 206-2939
Sasha Swift,ignacia.gibson@yahoo.com,(505) 646-4730
Mellisa Bergnaum,milford.becker@yahoo.com,(803) 921-2276
Leilani White V,shanika.hand@hotmail.com,(305) 208-2908
Fidelia Rau Sr.,karisa.bayer@hotmail.com,(305) 988-1401
Vernice Feeney,berry.buckridge@gmail.com,(305) 295-5812
Ezekiel Boyer,rosalina.beahan@yahoo.com,(983) 844-0585
Scottie Ullrich II,jame.stracke@yahoo.com,(472) 788-4622
Dionne Reichert,art.torphy@gmail.com,(352) 760-2430
Larisa Conn,anastacia.hyatt@hotmail.com,(472) 851-6771
Chase Jaskolski,houston.spinka@hotmail.com,(305) 373-6259
Isaac Bernhard,devin.schroeder@hotmail.com,(320) 844-8752
Landon Bechtelar,luanne.connelly@yahoo.com,(505) 928-2458
Ginette Hoeger,christoper.sauer@hotmail.com,(505) 663-7894
Nathan Jast,olivia.stracke@yahoo.com,(505) 605-5393
Waylon Fisher,hannelore.steuber@hotmail.com,(225) 949-8841
Pablo Mayert DVM,mariette.connelly@yahoo.com,(484) 328-0602
Sol O'Kon,thao.batz@yahoo.com,(472) 821-9016
Kary Brekke,nona.nolan@gmail.com,(983) 799-4180
Wiley Daugherty Jr.,tess.kassulke@hotmail.com,(305) 229-0397
Junita Treutel,wallace.runolfsdottir@yahoo.com,(352) 745-1833
Dannette Pollich,marilyn.williamson@hotmail.com,(505) 640-1175
Milford Lemke V,emery.casper@yahoo.com,(283) 564-2974
Orlando Lindgren,ian.koelpin@yahoo.com,(305) 881-0163
Lucio Raynor,jewel.kozey@hotmail.com,(971) 234-7048
Hai Willms PhD,joan.ziemann@yahoo.com,(305) 205-5346
Maria Johnston,edelmira.bogisich@yahoo.com,(505) 698-3393
Duncan Russel,lynette.king@hotmail.com,(276) 300-6352
Ms. Anthony VonRueden,darwin.stroman@gmail.com,(274) 292-1899
Jewell O'Hara,gigi.hodkiewicz@yahoo.com,(472) 973-6013
Ross Morissette,mitzie.bode@gmail.com,(916) 424-7324
Nola Fadel,valentin.hegmann@gmail.com,(274) 245-6237
Alyson Stokes,ulrike.bartell@gmail.com,(305) 233-8383
Shelba Wisozk,maurice.johnson@yahoo.com,(305) 819-4398
Walter Franecki,blanche.bernhard@yahoo.com,(305) 208-6743
Samella Gislason,vincenzo.hermann@hotmail.com,(305) 415-2437
Riley Dicki,jeniffer.olson@yahoo.com,(472) 408-6937
Mr. Jean Dietrich,thaddeus.zulauf@gmail.com,(305) 293-2968
Mr. Maxima Mertz,ranee.lindgren@hotmail.com,(575) 366-1544
Krystal Funk I,carmine.hane@yahoo.com,(274) 295-4882
George Willms,jayson.becker@yahoo.com,(472) 254-0914
April Gleason,vernetta.rempel@yahoo.com,(305) 223-3362
Karren O'Conner Sr.,dominick.schneider@yahoo.com,(864) 258-6394
Randolph Johnson,dexter.mertz@gmail.com,(227) 278-8387
Gayle Emard,jacinto.nitzsche@hotmail.com,(274) 243-7916
Clyde Denesik,susannah.altenwerth@hotmail.com,(305) 243-4188
Windy White,taylor.hermann@gmail.com,(983) 709-5702
Pat Kris,hans.kemmer@hotmail.com,(305) 251-3664
Arlena Rolfson,kanisha.rath@hotmail.com,(305) 225-3232
Dr. Harley Jakubowski,ezequiel.stanton@hotmail.com,(505) 665-9762
Tammie Kuhn PhD,ismael.auer@hotmail.com,(305) 203-8023
Patricia Rath PhD,jeanmarie.grady@gmail.com,(274) 278-8003
Mr. Zack Maggio,jamaal.raynor@hotmail.com,(305) 961-9328
Lanette Kling,joan.mcdermott@yahoo.com,(305) 252-5575
Foster Kiehn,bennett.hessel@hotmail.com,(916) 775-3987
Bunny Kihn,wilfred.baumbach@gmail.com,(305) 207-7414
Virgie Bailey,hassan.blanda@hotmail.com,(505) 712-7021
Ayanna Tremblay,delbert.leffler@yahoo.com,(309) 395-0239
Travis Cummerata,leon.bergstrom@hotmail.com,(505) 220-5265
Eduardo Roberts DVM,leatha.moen@yahoo.com,(472) 469-2636
Elna Stracke,otto.kirlin@yahoo.com,(505) 689-7665
Shaunna O'Hara III,tarsha.kautzer@gmail.com,(859) 684-4436
Arden Cassin,flor.dibbert@gmail.com,(305) 295-7970
Vincent Murphy,morgan.predovic@yahoo.com,(505) 623-5461
Marcos Mueller,ursula.casper@hotmail.com,(505) 624-7804
Mrs. Josephine Maggio,arlette.mraz@gmail.com,(781) 440-1546
Leonia Block,tonda.mertz@yahoo.com,(505) 644-5739
Lance Halvorson,merlin.kulas@gmail.com,(505) 261-7942
Kalyn Bartell,michale.cormier@yahoo.com,(364) 879-7100
Whitney Kovacek,hyun.christiansen@hotmail.com,(505) 257-6721
Seymour Schmidt,palmer.auer@hotmail.com,(305) 207-5484
Miss Samatha Gusikowski,wilton.waelchi@gmail.com,(505) 502-8585
Taina Beier,michael.willms@yahoo.com,(505) 256-3796
Jone Sporer V,claris.crona@hotmail.com,(305) 222-4881
Denver Schamberger II,alejandra.stoltenberg@hotmail.com,(617) 771-1867
Jamaal Wolf PhD,freddie.bauch@gmail.com,(505) 653-0650
Mr. Salvatore Langosh,erma.boyle@yahoo.com,(305) 968-3008
Jacinda Parisian,charlie.mayert@gmail.com,(757) 876-7373
Rodrick Dickinson,romelia.rosenbaum@hotmail.com,(983) 324-1893
Un Lueilwitz,raleigh.friesen@gmail.com,(212) 326-8763
Willard Bauch DVM,pennie.heller@hotmail.com,(472) 890-7277
Isabelle Monahan,cristobal.langworth@yahoo.com,(305) 204-3926
Gerry Goyette,william.robel@yahoo.com,(505) 322-9751
Nicolasa Smitham,kris.greenholt@hotmail.com,(505) 615-8296
Hector Spencer,jaymie.zulauf@gmail.com,(505) 699-9340
Dortha Thiel,wesley.connelly@gmail.com,(505) 755-7700
Glenn Treutel,jackelyn.ferry@gmail.com,(563) 760-9942
Hoyt Murazik,pat.weber@gmail.com,(472) 230-6356
Kiersten Dickens,estrella.oberbrunner@yahoo.com,(640) 403-4060
Seth Gottlieb,cole.luettgen@hotmail.com,(983) 730-6597
Inell Schneider,liana.lubowitz@gmail.com,(820) 704-1783
Krystle Reynolds II,dwight.boehm@yahoo.com,(505) 646-6924
Homer Treutel,johanna.parker@gmail.com,(505) 550-6901
Hollie Aufderhar III,shelton.treutel@yahoo.com,(206) 965-2121
Particia Mueller,sharda.schneider@gmail.com,(505) 706-0400
Keren Mueller,maris.metz@hotmail.com,(341) 440-4896
Sherley Langworth,raisa.mclaughlin@hotmail.com,(274) 262-1532
Tomas Witting,karl.gleason@yahoo.com,(505) 623-2812
Mr. Violeta McKenzie,felicita.williamson@hotmail.com,(743) 278-0711
Mrs. Rodrick Rowe,blair.goodwin@gmail.com,(505) 644-3744
Leatrice Kihn DVM,hoyt.bauch@gmail.com,(505) 770-7007
Jimmie MacGyver,paulina.hansen@gmail.com,(305) 936-5020
Jennine D'Amore PhD,karl.sanford@gmail.com,(505) 646-1458
Taryn Johnson III,lesli.kiehn@gmail.com,(469) 549-5144
Tisa Rohan,norman.auer@hotmail.com,(305) 275-3226
Kenyatta D'Amore Sr.,sheri.turner@gmail.com,(983) 896-1177
Mrs. Jayne Kuphal,gussie.oconnell@hotmail.com,(274) 264-9449
Krystin Reinger,marco.damore@hotmail.com,(305) 518-3629
Daniel Wintheiser,manual.schuppe@yahoo.com,(272) 458-3183
Elayne Kessler,kieth.schneider@gmail.com,(305) 254-1540
Geraldo Crist PhD,cornelius.jones@hotmail.com,(983) 419-6296
Alethia Kunze,ilse.watsica@hotmail.com,(505) 746-6514
Stefanie Kohler,casimira.abbott@hotmail.com,(472) 433-0438
Errol Dietrich,quentin.zieme@gmail.com,(274) 273-1741
Mica Runte,grady.zemlak@hotmail.com,(472) 725-2867
Mr. Fonda Predovic,malcolm.wiza@yahoo.com,(305) 416-0858
Stefan Weimann,phebe.zboncak@hotmail.com,(305) 205-2025
Paz Hammes,damion.damore@yahoo.com,(505) 847-1774
Taylor Spinka,lovetta.swift@hotmail.com,(505) 644-0614
Reyes Graham,tia.hahn@hotmail.com,(505) 695-2433
Lorean Predovic,rikki.schiller@hotmail.com,(305) 203-6716
Maximo Metz,andrew.monahan@gmail.com,(541) 966-2638
Wilson Graham,tracy.reichel@gmail.com,(201) 298-9213
Rod Ondricka,kelley.howe@hotmail.com,(983) 204-4157
Leo Brown,noe.zulauf@yahoo.com,(472) 721-1769
Toney Hills,barrie.prohaska@gmail.com,(305) 206-3649
Isiah Wyman,milford.abbott@hotmail.com,(385) 742-4201
Milan Schoen,forrest.west@yahoo.com,(305) 232-7647
Jody Jenkins,anderson.nikolaus@yahoo.com,(505) 747-1203
Cameron Hessel,jerri.gusikowski@yahoo.com,(274) 216-9147
Sharika Okuneva,rachal.hills@gmail.com,(986) 413-2835
Dr. Rubie Stokes,malvina.ziemann@yahoo.com,(425) 296-3795
Elisha Pollich,raymundo.wolf@hotmail.com,(983) 934-4626
Cyril Stokes,karan.mann@hotmail.com,(878) 835-8551
Shelby Muller,angeles.lindgren@hotmail.com,(586) 300-8128
Mr. Normand Cruickshank,kristopher.walsh@yahoo.com,(983) 793-5685
Almeda Strosin,luanna.dietrich@hotmail.com,(305) 355-4814
Alfredo Goodwin,bennie.gislason@hotmail.com,(305) 201-2521
Paola Braun,rikki.haley@gmail.com,(274) 256-0338
Marco Streich,brigitte.rogahn@gmail.com,(274) 270-6205
Mr. Horacio Bruen,orlando.cummings@yahoo.com,(505) 646-5843
Mrs. Ria Quigley,markus.kessler@hotmail.com,(505) 611-1288
Ivan Hessel,sarai.green@gmail.com,(305) 428-4128
Ted Halvorson,ali.osinski@gmail.com,(256) 637-8619
Ralph Pacocha,florence.langosh@yahoo.com,(983) 852-4883
Hershel MacGyver,leonie.schroeder@yahoo.com,(314) 495-9465
Mr. Anisha Robel,ollie.mcdermott@yahoo.com,(405) 949-6045
Francisco Halvorson,ernesto.lynch@yahoo.com,(983) 440-7501
Jackelyn Stroman,calandra.borer@hotmail.com,(472) 417-7885
Eugenio O'Reilly,felice.ernser@yahoo.com,(983) 375-6068
Hal Marvin,joycelyn.marvin@gmail.com,(274) 269-1453
Mollie Hane,terra.hayes@yahoo.com,(718) 743-1233
Michael Bartell,coleman.spencer@yahoo.com,(235) 670-0027
Drew Zboncak,dillon.hirthe@yahoo.com,(983) 426-8202
Mr. Ellis Larkin,karisa.cassin@gmail.com,(260) 296-1542
Miguelina Pouros III,edris.hand@yahoo.com,(505) 654-1514
Mason Shields Sr.,bo.christiansen@gmail.com,(983) 486-4303
Francesca Bayer,lakeshia.dare@hotmail.com,(305) 210-2919
Lucius Purdy,dominick.grant@hotmail.com,(472) 472-7837
Jess Gleason,alejandra.buckridge@hotmail.com,(279) 286-1231
Mr. Alberto Grimes,dominick.oconnell@yahoo.com,(505) 684-7285
Josephina Durgan,maurice.abbott@hotmail.com,(274) 245-3029
Toby Erdman DVM,devin.romaguera@hotmail.com,(505) 694-2765
Elden McClure,layla.hamill@yahoo.com,(448) 293-9716
Eileen Strosin I,robert.heidenreich@gmail.com,(274) 294-2140
Loren Welch,mac.krajcik@hotmail.com,(580) 624-1514
Owen Brakus,martine.turcotte@gmail.com,(305) 203-8060
Mrs. Filiberto Wehner,vada.stamm@yahoo.com,(505) 640-6091
Collene Howe,leesa.okon@gmail.com,(472) 922-2735
Mei O'Connell,horace.heaney@gmail.com,(678) 361-9700
Darnell Hane,maria.carter@yahoo.com,(505) 221-6162
Alfredo Boyer,neal.prohaska@yahoo.com,(305) 261-0645
Mrs. Burma Zulauf,timika.stracke@yahoo.com,(983) 270-4322
Mr. Brock Schamberger,margarito.skiles@gmail.com,(337) 967-0230
Roslyn Boehm,helene.harvey@yahoo.com,(505) 644-8232
Noel Mayer,berry.lowe@gmail.com,(616) 989-4985
Brady McCullough,nakia.lebsack@gmail.com,(931) 617-3732
Ahmad Hirthe,erline.bartoletti@yahoo.com,(346) 710-8484
Lisa Mayer,arletta.kuhlman@yahoo.com,(305) 275-7068
Gayla Osinski,dennis.okon@hotmail.com,(838) 692-8650
Melvin Pacocha,delois.runte@yahoo.com,(385) 235-0557
Ms. Blake Lueilwitz,reinaldo.ohara@hotmail.com,(305) 239-8745
Jamar Ernser III,ward.parker@gmail.com,(305) 296-1237
Mickey Bernier MD,louie.ullrich@yahoo.com,(726) 880-4899
Nada Dooley,charlie.cummerata@yahoo.com,(305) 342-4634
Horacio Wintheiser I,octavio.oberbrunner@gmail.com,(828) 755-7740
Shantell Treutel,emmanuel.abshire@yahoo.com,(361) 937-5422
Danette Bradtke,lelia.kunze@gmail.com,(856) 815-1085
Judith Hahn Sr.,gaston.rau@hotmail.com,(305) 208-0285
Dwayne Durgan Sr.,danuta.champlin@hotmail.com,(931) 550-1833
Lakiesha Medhurst,carl.schneider@gmail.com,(480) 361-9739
Courtney O'Reilly V,benjamin.green@yahoo.com,(220) 374-3007
Mr. Michal Prohaska,kim.lindgren@hotmail.com,(305) 205-4309
Ms. Werner Lakin,winnie.sawayn@gmail.com,(505) 509-4932
Sherrill Yost,scottie.swift@gmail.com,(305) 606-2156
Lena Walsh MD,zina.fay@hotmail.com,(305) 205-1310
Maryln Mohr,weldon.adams@yahoo.com,(505) 646-7713
Candance Conn,marylin.wilkinson@gmail.com,(872) 310-1271
Sandy Greenfelder,jeffry.batz@hotmail.com,(274) 294-2976
Leeann Doyle,zane.bradtke@yahoo.com,(274) 222-5210
Jere Moen DDS,fabian.stokes@gmail.com,(505) 644-8733
Anneliese Ortiz V,dwayne.jones@yahoo.com,(640) 613-2093
Malorie Kuhlman,domingo.collins@hotmail.com,(305) 204-1598
Hazel Blanda,delmer.simonis@yahoo.com,(505) 646-8644
Merle Lindgren,andreas.yundt@yahoo.com,(329) 289-4306
Francis King,earnest.haley@hotmail.com,(480) 585-3747
Mary Deckow,shonna.bogan@hotmail.com,(316) 316-9381
Demetrius Mraz,tamisha.bahringer@yahoo.com,(305) 251-4843
Marlin Block,enedina.windler@gmail.com,(508) 355-8446
Berry Beier,doretha.nikolaus@yahoo.com,(878) 954-2013
Lon Jenkins,tereasa.hegmann@hotmail.com,(726) 934-1088
Alia Bergnaum,clinton.rosenbaum@hotmail.com,(318) 963-0504
Mrs. Delinda Nitzsche,ramon.zboncak@hotmail.com,(274) 299-2326
Melita Moore,elvis.deckow@yahoo.com,(983) 957-1936
Ms. Adrianna Ondricka,selma.rodriguez@hotmail.com,(808) 714-9741
Zonia Wyman,royal.jakubowski@yahoo.com,(305) 208-7568
Eliseo Heaney,rosenda.rutherford@gmail.com,(305) 202-9466
Catheryn Dietrich,giuseppe.bogisich@yahoo.com,(305) 550-2463
Mr. Gilma Ryan,tommie.harris@gmail.com,(274) 214-9615
Gino Renner,michaele.batz@yahoo.com,(835) 220-7644
Melody Stracke,leida.sanford@yahoo.com,(472) 237-5610
Aletha Trantow,bennett.boyer@gmail.com,(505) 494-1052
Clare Wyman,barbie.becker@yahoo.com,(781) 850-5841
Seymour Stark,sueann.ziemann@gmail.com,(305) 231-4966
Miss Darwin Stamm,rina.schmeler@hotmail.com,(983) 208-5777
Ira Dooley,georgina.herman@hotmail.com,(862) 606-1967
Fredda Barton,leonel.boyer@yahoo.com,(305) 289-8901
Les Labadie Jr.,micheal.hyatt@yahoo.com,(305) 208-1097
Terrell Flatley,gregg.cruickshank@hotmail.com,(505) 640-6990
Miss Humberto Bednar,vincenzo.lebsack@gmail.com,(472) 809-3813
Darryl Berge,eli.kohler@hotmail.com,(983) 276-1850
Miss Benny Hirthe,shakia.gislason@gmail.com,(386) 248-3646
Clora Kulas,oliver.hamill@gmail.com,(505) 628-4395
Willian Ernser III,anisha.mckenzie@hotmail.com,(472) 291-8369
Alva Hickle Jr.,rod.rippin@gmail.com,(305) 235-4195
Ms. Gayle Schaefer,johnnie.fay@hotmail.com,(505) 588-3693
Marin Crooks IV,ena.dicki@hotmail.com,(305) 590-6087
Teisha Satterfield,earle.kunze@hotmail.com,(274) 237-8262
Benton Daugherty Jr.,doug.murphy@gmail.com,(762) 857-7738
Leila Tillman MD,edison.wuckert@hotmail.com,(505) 987-2835
Shaun Marvin,cyrus.fisher@hotmail.com,(274) 290-3161
Dr. Mauro Maggio,hunter.crona@yahoo.com,(215) 766-8030
Kimbery Feil,jamey.howell@hotmail.com,(505) 668-6222
Chet Metz V,carita.pfannerstill@gmail.com,(983) 215-9489
Lesli Morissette,abe.hodkiewicz@hotmail.com,(305) 207-8709
Dr. Nathan Bechtelar,hye.gerhold@hotmail.com,(305) 285-4169
Twanda Buckridge,bradley.bode@hotmail.com,(505) 202-5653
Jamie Cummings,cherrie.spinka@hotmail.com,(239) 389-8845
Nikia Doyle,sterling.parker@yahoo.com,(505) 685-8901
Mohamed Barton,cassy.lebsack@hotmail.com,(283) 271-5470
Shanika Bailey,celina.powlowski@yahoo.com,(505) 472-3628
Azzie Hand,jonathon.bradtke@yahoo.com,(505) 686-2719
Dr. Carolina MacGyver,graciela.streich@yahoo.com,(305) 207-0599
Dennis Mann,brandy.kulas@hotmail.com,(505) 643-4830
Alleen Tillman,jarod.dickinson@yahoo.com,(505) 611-2189
Lean Larkin,priscila.purdy@hotmail.com,(983) 346-2278
Clay Stark,dorthey.bogisich@yahoo.com,(606) 466-2275
Dyan Boyer,kurt.lindgren@hotmail.com,(424) 564-1215
Carolyne Maggio Sr.,laurine.grant@gmail.com,(820) 983-0394
Fritz Hermiston,gail.goldner@hotmail.com,(512) 281-8532
Ms. Emogene Quitzon,lonnie.macgyver@hotmail.com,(274) 234-0815
Jeramy Bernier DDS,claire.gerlach@yahoo.com,(505) 612-8562
Carroll Jakubowski,willie.shanahan@yahoo.com,(305) 202-0034
Frederic Kassulke,marin.schuppe@yahoo.com,(472) 255-7374
Florrie Gibson,ronny.tremblay@gmail.com,(469) 803-7099
George Reinger,allyn.larkin@yahoo.com,(763) 623-3741
Mariko Jerde,lorie.medhurst@hotmail.com,(505) 822-3767
Gregoria Christiansen,luana.kohler@gmail.com,(983) 383-5924
Drew Nikolaus Sr.,albert.heathcote@yahoo.com,(505) 617-1976
Palmer Considine II,tamika.ritchie@yahoo.com,(689) 745-9095
Williams Reichert IV,forrest.lakin@yahoo.com,(505) 884-8912
Lon Kihn,hettie.reynolds@gmail.com,(505) 646-6160
Delisa Cole,novella.nicolas@hotmail.com,(505) 642-5999
Kendall Legros,terrell.bechtelar@hotmail.com,(472) 207-3778
Mrs. Lewis Cummerata,granville.kshlerin@yahoo.com,(602) 872-2099
Mr. Joye Huels,bryce.lakin@yahoo.com,(305) 203-7424
Ms. Gennie Pagac,wesley.breitenberg@gmail.com,(305) 219-1960
Eugene Pacocha,roosevelt.gaylord@yahoo.com,(305) 442-8881
Sara Bogan,boyd.kiehn@hotmail.com,(225) 420-1499
Albina Cremin PhD,victorina.hammes@hotmail.com,(305) 234-8220
Suzi Ziemann Jr.,keneth.dickinson@hotmail.com,(305) 284-5433
Fletcher O'Reilly,leonel.johns@gmail.com,(274) 205-8444
Kayce Wintheiser I,ai.ryan@gmail.com,(505) 604-9386
Larissa Littel Jr.,dani.tremblay@gmail.com,(472) 944-2827
Jacob Conn,jona.anderson@gmail.com,(419) 599-5920
Randy Bailey,becky.herzog@hotmail.com,(334) 985-9578
Darryl Lowe,shon.bruen@gmail.com,(472) 932-6678
Wilbert Quitzon,dominic.batz@yahoo.com,(463) 575-6644
Rosie Daniel Jr.,carley.lebsack@yahoo.com,(380) 652-9469
Ms. Mikaela Huel,retha.treutel@yahoo.com,(274) 251-9057
Dr. Elisha Larkin,versie.lebsack@hotmail.com,(305) 299-5445
Soila Steuber Jr.,lynwood.adams@gmail.com,(505) 622-3546
Edwin Cronin III,carlos.schiller@yahoo.com,(472) 706-6842
Cary Runolfsdottir III,adrian.hirthe@gmail.com,(983) 887-9699
Cornelius Bednar,anastasia.koch@yahoo.com,(505) 572-2085
Cornelia Blanda II,hung.schuster@gmail.com,(305) 205-1846
Gavin Wunsch,erminia.schaefer@gmail.com,(551) 877-0543
Shelia King,denny.gleichner@hotmail.com,(505) 829-5913
Emerson Von,kelley.lowe@yahoo.com,(505) 838-1525
Claire Walker PhD,adelaide.wilderman@yahoo.com,(802) 683-3540
Ted Steuber,marcel.schmeler@gmail.com,(983) 416-4557
Dr. Shantell Kutch,hobert.wolf@yahoo.com,(469) 932-0941
Norbert Tromp,aurore.ledner@gmail.com,(505) 643-7597
Brittanie Quitzon,ty.kling@hotmail.com,(906) 619-2022
Earle Kihn,dee.reynolds@yahoo.com,(505) 701-2256
Henriette Thiel,cory.jacobi@gmail.com,(505) 469-0561
Miss Dominque Maggio,angle.botsford@yahoo.com,(305) 203-8693
Isabella Hermiston,sally.collins@hotmail.com,(274) 237-5483
Carmine McLaughlin,dante.upton@gmail.com,(472) 839-8944
Roscoe Goodwin,liza.wiegand@hotmail.com,(505) 678-7674
Maribeth Ortiz,byron.conn@yahoo.com,(818) 525-7492
Arturo Abbott,brendon.grimes@yahoo.com,(805) 374-6021
Yee Glover,wonda.gislason@gmail.com,(951) 227-8150
Ms. Willodean Veum,emmanuel.oberbrunner@hotmail.com,(505) 644-8358
Jeanine Anderson DDS,tressie.lubowitz@yahoo.com,(505) 603-8676
Moses Bins,sharda.johns@hotmail.com,(505) 615-4499
Dr. Olen Mertz,carlene.schmeler@yahoo.com,(305) 259-6508
Anibal Kilback,mechelle.hermiston@gmail.com,(445) 404-6153
Norbert Muller,arnulfo.baumbach@gmail.com,(305) 200-8371
Adan D'Amore,daysi.douglas@gmail.com,(505) 205-6901
Donn Abbott,lanny.gleichner@yahoo.com,(305) 204-5922
Carri Baumbach,donna.kuhn@yahoo.com,(830) 536-3238
Coral Toy,kristopher.koepp@hotmail.com,(505) 696-6239
Elanor Beahan II,dottie.schaden@gmail.com,(224) 474-9520
Toby Beer,fredrick.hegmann@hotmail.com,(305) 253-3304
Miss Francesco Fisher,chris.schmitt@gmail.com,(274) 201-7066
Mrs. Wai Vandervort,janis.lang@gmail.com,(726) 714-8272
Art Rath,caroyln.marvin@yahoo.com,(305) 208-5607
Noma Bins,chelsie.bosco@hotmail.com,(505) 631-2323
Joleen Von,janetta.dach@yahoo.com,(505) 667-0612
Jefferey Steuber,andy.konopelski@hotmail.com,(305) 334-2605
Roger Zemlak,ernie.kautzer@yahoo.com,(716) 932-8125
Brady Abshire,cecile.ferry@yahoo.com,(274) 256-4073
Ron Buckridge DDS,ellis.dickinson@hotmail.com,(274) 225-3194
Xenia Wolff,fermin.bailey@gmail.com,(505) 220-8071
Mr. Nobuko Hane,alejandro.swaniawski@hotmail.com,(325) 315-0203
Sherill Luettgen,ali.smitham@yahoo.com,(274) 294-3452
Jasper Bayer,frederick.morissette@hotmail.com,(305) 279-6962
Nathalie Upton,jerilyn.sporer@gmail.com,(305) 244-3801
Darwin Prohaska,abram.schneider@hotmail.com,(480) 584-7081
Mr. Rosalva Hickle,luanne.kunde@yahoo.com,(305) 731-2156
Rubin Lang,kasandra.runolfsson@hotmail.com,(361) 835-6989
Argelia Lesch,desmond.aufderhar@yahoo.com,(703) 911-4618
Leo Dietrich,preston.baumbach@hotmail.com,(305) 207-0350
Sebastian Weimann,taisha.ferry@yahoo.com,(505) 644-7557
Moshe Mills V,leatrice.moore@gmail.com,(229) 314-9992
Edwin Windler,damion.cummerata@hotmail.com,(848) 219-2387
Cyrus Klocko Jr.,taneka.rath@hotmail.com,(305) 203-2240
Maragret Rosenbaum,floria.cormier@yahoo.com,(274) 240-8599
Miss Paul Doyle,krystle.moen@yahoo.com,(505) 642-9673
Miss Stephane Welch,ruthanne.parisian@yahoo.com,(534) 392-7589
Yuonne O'Conner III,phuong.johns@yahoo.com,(983) 396-1416
Genesis Schmidt,charlette.thiel@yahoo.com,(505) 388-5126
Kevin Wyman,kip.oberbrunner@hotmail.com,(478) 721-8531
Brittanie Considine,ellis.vonrueden@hotmail.com,(505) 651-1355
Diego Hayes,nicholle.dare@gmail.com,(913) 912-2847
France Corkery Jr.,kacie.bergnaum@yahoo.com,(505) 689-4636
Geraldine Shanahan,yuko.hackett@hotmail.com,(505) 669-3446
Ollie Olson,nicky.feeney@gmail.com,(360) 428-1547
Danial Christiansen,elizabeth.vonrueden@gmail.com,(305) 606-9256
Glenn Cole,woodrow.abbott@yahoo.com,(505) 811-5497
Jordon Abernathy MD,carlita.sawayn@hotmail.com,(862) 324-7555
Miss Emerita Rolfson,portia.fadel@hotmail.com,(305) 247-8696
Hoyt Schinner,stuart.wiza@gmail.com,(253) 722-9812
Ashli Mraz,marlin.bradtke@yahoo.com,(505) 917-4077
Ray Kerluke,grazyna.schroeder@gmail.com,(305) 240-1267
Jaleesa Medhurst,ellsworth.streich@hotmail.com,(505) 703-2351
Kenneth Bosco,clay.ziemann@yahoo.com,(305) 771-1655
Mr. Stacy Maggio,burton.crist@hotmail.com,(472) 201-1268
Greg Williamson III,sarai.mertz@gmail.com,(274) 229-8391
Lexie McCullough,chong.breitenberg@yahoo.com,(505) 693-0073
Curtis Kirlin,gidget.auer@yahoo.com,(305) 266-8624
Issac Marquardt MD,carter.sauer@yahoo.com,(505) 672-8278
Eleni Harvey,elisha.deckow@yahoo.com,(472) 753-2189
Edmundo Dare I,shira.will@gmail.com,(505) 620-2866
Patricia O'Conner,heriberto.marquardt@gmail.com,(305) 281-8359
Billie Wolf,deandre.kutch@yahoo.com,(505) 657-3342
Mr. Bryon Braun,vinnie.shields@yahoo.com,(351) 367-6993
Dr. Keneth Mills,clemente.rempel@yahoo.com,(505) 625-4420
Donny Nitzsche DVM,eun.bashirian@gmail.com,(334) 623-5230
Courtney Ziemann Jr.,vaughn.senger@gmail.com,(878) 786-2223
Trevor Glover,judith.bode@yahoo.com,(329) 692-5801
Sommer Jaskolski,herta.kutch@gmail.com,(917) 558-5853
Glory Jacobs,bryan.halvorson@hotmail.com,(660) 979-0187
Mr. Randolph Larkin,rudolph.beier@yahoo.com,(235) 993-0817
Sparkle Mayert,dong.collier@gmail.com,(680) 716-1147
Mr. Joey Rau,sun.powlowski@gmail.com,(505) 634-7512
Erich Waelchi,jewel.anderson@yahoo.com,(472) 801-7715
Crista Toy III,lorine.dicki@hotmail.com,(425) 297-6741
Mr. Lyndon Upton,lovella.kihn@hotmail.com,(305) 334-9707
Marcelo Morissette,reyes.armstrong@yahoo.com,(320) 319-9077
Mrs. Katina Welch,demarcus.fadel@hotmail.com,(505) 665-7573
Rocco Stamm,samuel.baumbach@hotmail.com,(458) 495-5072
Hana Champlin III,angle.mclaughlin@yahoo.com,(870) 577-5062
Micheal Jacobi,jim.konopelski@yahoo.com,(305) 200-0458
Rigoberto Sipes,bruna.boyle@hotmail.com,(360) 800-9307
Rodrick Weissnat Sr.,matthew.hahn@hotmail.com,(253) 276-7731
Mr. Alfredia Johnson,alysha.mills@yahoo.com,(412) 739-6389
Jason Hahn,melina.turcotte@yahoo.com,(305) 203-5695
Carmelia Steuber,milford.tremblay@yahoo.com,(983) 222-3689
Clayton Lynch,ashely.wolf@hotmail.com,(505) 672-5290
Amado Bahringer,odessa.dach@gmail.com,(757) 881-0922
Abram Collier,jackson.mccullough@yahoo.com,(472) 834-2581
Lane Champlin DDS,raymond.hackett@gmail.com,(505) 294-7225
Tawanda Bogisich,sid.beahan@hotmail.com,(505) 648-7430
Erica Oberbrunner,dwight.white@yahoo.com,(220) 387-0013
Irene Beier PhD,oleta.osinski@gmail.com,(305) 230-4975
Glenn Douglas,jonathon.walker@gmail.com,(821) 505-4156
Eliseo Casper,ramiro.barton@gmail.com,(201) 842-8424
Mayra Ortiz,nickole.kub@gmail.com,(472) 912-6306
Mr. Kirsten Marks,tami.veum@hotmail.com,(305) 475-0511
Sebastian Denesik,elise.graham@hotmail.com,(205) 462-8407
Micah Bartell,neville.abernathy@hotmail.com,(681) 510-5981
Weldon Bartoletti,carlos.mayer@gmail.com,(360) 698-5974
Oneida Labadie,adah.williamson@hotmail.com,(234) 292-1555
Jaunita Brekke,cassey.bogisich@yahoo.com,(505) 622-1736
Earle O'Connell DDS,kourtney.boyer@gmail.com,(505) 615-1108
Hershel Doyle,tomasa.emard@hotmail.com,(274) 242-5304
Mr. Shana Koelpin,shad.mante@yahoo.com,(505) 635-0717
Phylis Lowe III,leslie.lind@gmail.com,(248) 718-9865
Brianna Wehner,erasmo.cronin@gmail.com,(334) 487-6075
Esmeralda Ullrich DVM,georgann.okeefe@yahoo.com,(505) 612-3648
Domitila Aufderhar I,gilberte.littel@gmail.com,(983) 828-1754
Ted Kuhlman,elvia.kuvalis@yahoo.com,(505) 271-1932
Mrs. Williams Fadel,lida.hyatt@hotmail.com,(983) 884-8168
Maryrose Anderson III,cedric.spencer@yahoo.com,(472) 786-5145
Mrs. Tanika Reynolds,sharmaine.jacobs@yahoo.com,(505) 604-4758
Waldo Streich III,delilah.fisher@gmail.com,(534) 358-1264
Dr. Mariann Hodkiewicz,ashlee.lindgren@gmail.com,(914) 767-0861
Dr. Saturnina Kris,sebrina.cummerata@yahoo.com,(432) 597-4067
Jerri Kulas,aimee.ohara@hotmail.com,(472) 287-8735
Vickie Parker,erinn.tillman@hotmail.com,(505) 643-5447
