名字, Email, 電話
Miss Kimberli Keebler,von.kuhn@hotmail.com,(984) 269-4446
Antone Hudson,clement.zulauf@gmail.com,(323) 527-0436
Darryl Kautzer,marlin.gutkowski@yahoo.com,(445) 290-4916
Miss Kizzy Braun,kenny.schiller@gmail.com,(305) 478-6015
Giovanni Thiel,francis.johnson@gmail.com,(847) 447-2959
Carl Windler,elias.mann@hotmail.com,(361) 616-8482
Jeramy Spinka DDS,jeramy.gibson@gmail.com,(305) 214-5556
Adria Fisher,mckinley.cremin@gmail.com,(505) 654-0821
Francie Kunde,elyse.auer@gmail.com,(505) 644-5447
Brooks Buckridge,sid.orn@yahoo.com,(305) 288-4953
Fabiola Prohaska,arden.towne@hotmail.com,(274) 223-0736
Dr. Augustus Huel,retta.botsford@gmail.com,(505) 794-7902
Latisha Shanahan II,jessenia.robel@hotmail.com,(305) 202-1095
Kara Gorczany,lilian.schumm@gmail.com,(305) 800-0374
Curtis Walsh,richie.farrell@gmail.com,(983) 842-9543
Alva Feeney,huey.schultz@hotmail.com,(505) 691-1642
Dwana Waters,quintin.corkery@yahoo.com,(472) 808-5242
Denis Wolff,shellie.breitenberg@gmail.com,(228) 669-8668
Denisse Hackett,etha.dooley@hotmail.com,(629) 413-8410
Mr. August Runolfsdottir,sammie.windler@gmail.com,(505) 824-5240
Jen Pfannerstill,shawana.daugherty@yahoo.com,(305) 268-7607
Samual Yost,kelley.leuschke@yahoo.com,(425) 759-5458
Lesley Kuphal,chi.upton@hotmail.com,(505) 611-6002
Gwenda Funk III,cory.feil@hotmail.com,(505) 682-7050
Mr. Shirley Halvorson,francisco.christiansen@hotmail.com,(983) 931-0916
Chase Marks,thad.reilly@gmail.com,(602) 925-1557
Rivka Schuppe,john.sporer@yahoo.com,(305) 201-2904
Ardell Raynor,giuseppe.kutch@yahoo.com,(305) 323-2992
Mr. Felicitas Bahringer,tony.shanahan@yahoo.com,(305) 280-0675
Dirk Wisozk,willie.hartmann@hotmail.com,(305) 281-5302
Brendon Skiles,kendall.yundt@gmail.com,(305) 801-0328
Joslyn Streich III,maire.hagenes@gmail.com,(505) 258-7894
Booker Wisozk,wyatt.cronin@gmail.com,(959) 841-2519
Hassan Paucek,ernestine.hammes@yahoo.com,(626) 837-8600
Willy Kris,charisse.nolan@hotmail.com,(472) 919-0419
Mrs. Krishna Marvin,kim.lebsack@gmail.com,(828) 585-7865
Augustus Morar,micha.block@yahoo.com,(505) 450-3868
Burl Emard,julius.hackett@gmail.com,(305) 290-3157
Kandice Wisozk,kizzy.kautzer@gmail.com,(582) 242-7320
Martin Klein,socorro.rutherford@gmail.com,(274) 267-2361
Jerrold Marquardt,eugene.blanda@hotmail.com,(575) 891-8407
Sonny Schuster,lavonne.predovic@yahoo.com,(983) 743-8670
Tanja Gerhold,meri.kertzmann@hotmail.com,(305) 249-7842
Lloyd MacGyver,tad.jacobson@gmail.com,(505) 425-8917
Lala Grant,reuben.sipes@hotmail.com,(505) 606-1869
Ms. Meg Douglas,dusty.hansen@hotmail.com,(505) 336-5812
Terina Johnston,delmar.maggio@gmail.com,(505) 212-9099
Josef Wolff,gonzalo.gutmann@hotmail.com,(305) 204-8269
Burton Littel,hyo.wisozk@yahoo.com,(305) 203-0857
Terry Waters,waylon.boehm@yahoo.com,(305) 425-6520
Altagracia Kiehn,minta.balistreri@gmail.com,(305) 213-7360
Danille Crooks,magnolia.oberbrunner@yahoo.com,(505) 668-7867
Preston Schultz DDS,marlon.borer@yahoo.com,(616) 708-7311
Andrea Hackett,claudio.feil@gmail.com,(274) 275-2500
Palmira Carroll I,clint.walker@gmail.com,(983) 201-7282
Renaldo Ward Sr.,catarina.upton@gmail.com,(505) 962-3899
Ivonne Gerlach,ignacia.bernhard@yahoo.com,(305) 676-8196
Donnie Corwin,henry.leannon@yahoo.com,(505) 667-5095
Collin Hamill,cris.cole@yahoo.com,(989) 710-5542
Yanira Weissnat,donny.carter@yahoo.com,(274) 266-7507
Letha Harris IV,dusti.langworth@hotmail.com,(274) 225-8245
Kendall Rodriguez PhD,britt.gaylord@yahoo.com,(505) 672-0704
Alberto Reichert DVM,jene.blanda@gmail.com,(505) 644-8952
Ardath Langworth,cesar.nienow@yahoo.com,(274) 222-9459
Shawnna Jacobi,billie.miller@hotmail.com,(959) 835-9904
Miss Hayden Marquardt,tristan.wilkinson@gmail.com,(973) 873-3075
Laverne Wilderman PhD,meridith.conn@gmail.com,(505) 243-1200
Mr. Fausto Grady,ivory.lindgren@yahoo.com,(334) 559-4800
Annis Windler IV,sheldon.conn@gmail.com,(472) 908-2349
Julius Hessel,kenneth.lesch@hotmail.com,(305) 253-2374
Stepanie Satterfield,harris.botsford@hotmail.com,(472) 707-5653
Seymour Fisher,del.sanford@hotmail.com,(983) 737-9080
Royal Goodwin,merlin.wiza@hotmail.com,(728) 457-3371
Miss Andre Denesik,sylvester.emmerich@gmail.com,(505) 643-6643
Randolph Denesik,antone.witting@yahoo.com,(505) 614-3624
Carley Cruickshank,wm.metz@yahoo.com,(505) 439-7007
Norma Veum,kristine.bruen@gmail.com,(520) 949-8870
Miss Franklyn Herzog,emmanuel.carroll@gmail.com,(850) 973-0365
Hong Walker,willa.oconner@gmail.com,(276) 892-6185
Shayne Predovic,tad.sawayn@yahoo.com,(773) 592-0343
Hae Torphy,horace.collier@yahoo.com,(274) 288-6497
Riley Casper, ,(630) 536-2837
Mindy Bergnaum,sang.kris@yahoo.com,(469) 579-7459
Rena Wuckert,ivana.blick@yahoo.com,(305) 242-3875
Rick Grimes,sal.armstrong@yahoo.com,(305) 201-8358
Classie Smitham,stephaine.braun@hotmail.com,(305) 205-9086
Demetrice Emmerich,deshawn.prosacco@hotmail.com,(505) 688-3477
Nisha Mann,berry.hessel@hotmail.com,(505) 656-0822
Santo Walker,alphonso.okuneva@yahoo.com,(231) 304-1030
Kellie Wintheiser,marceline.bednar@gmail.com,(305) 205-9888
Mrs. Antonia Hane,dominick.white@gmail.com,(305) 243-9350
Dana Larkin,eufemia.kling@gmail.com,(305) 237-8042
Miss Rose Schmitt,shanna.durgan@yahoo.com,(472) 478-5090
Galen Hagenes,peter.windler@gmail.com,(760) 547-1859
Elmer Cartwright,charmaine.parisian@yahoo.com,(505) 859-9674
Joey Hoppe,moises.stanton@gmail.com,(240) 678-3725
Miss Marcos Effertz,marhta.blanda@gmail.com,(472) 404-2626
Joan Huels,ellis.kuhlman@hotmail.com,(919) 832-5802
Marnie Kiehn,trevor.senger@gmail.com,(274) 201-3104
Shonna Hane,dane.luettgen@gmail.com,(448) 933-3832
